{
  "mae": 236.47014112057536,
  "rmse": 331.70243319817735,
  "r2": 0.6929506181777706
}
